{"cameraMode":{"drawMode":0,"name":"Shaded","section":"Shading Mode"},"sceneLighting":true,"audioPlay":false,"sceneViewState":{"showFog":true,"showMaterialUpdate":true,"showSkybox":true,"showFlares":true,"showImageEffects":true,"showParticleSystems":true},"in2DMode":false,"pivot":{"x":211.53407287597657,"y":4.504515171051025,"z":436.0801086425781},"rotation":{"x":0.010336254723370076,"y":0.9888781905174255,"z":0.12344369292259217,"w":-0.08272379636764527},"size":6.6512675285339359,"orthographic":false}