{"cameraMode":{"drawMode":0,"name":"Shaded","section":"Shading Mode"},"sceneLighting":false,"audioPlay":false,"sceneViewState":{"showFog":true,"showMaterialUpdate":true,"showSkybox":false,"showFlares":true,"showImageEffects":true,"showParticleSystems":true},"in2DMode":false,"pivot":{"x":0.0,"y":0.6724613904953003,"z":0.027246952056884767},"rotation":{"x":0.00019656262884382159,"y":0.9863384366035461,"z":0.0011740521294996143,"w":-0.16489484906196595},"size":2.5587151050567629,"orthographic":false}