{"cameraMode":{"drawMode":0,"name":"Shaded","section":"Shading Mode"},"sceneLighting":true,"audioPlay":false,"sceneViewState":{"showFog":true,"showMaterialUpdate":true,"showSkybox":true,"showFlares":true,"showImageEffects":true,"showParticleSystems":true},"in2DMode":false,"pivot":{"x":210.34413146972657,"y":0.5551872253417969,"z":429.1856689453125},"rotation":{"x":0.007581064011901617,"y":-0.9804655909538269,"z":0.038561537861824039,"w":0.19274063408374787},"size":7.047967433929443,"orthographic":false}